{"cameraMode":{"drawMode":0,"name":"Shaded","section":"Shading Mode"},"sceneLighting":false,"audioPlay":false,"sceneViewState":{"m_AlwaysRefresh":false,"showFog":true,"showSkybox":false,"showFlares":true,"showImageEffects":true,"showParticleSystems":true,"showVisualEffectGraphs":true,"m_FxEnabled":true},"in2DMode":false,"pivot":{"x":-0.7084107398986816,"y":2.228386402130127,"z":-0.6099224090576172},"rotation":{"x":0.06191698834300041,"y":0.5469497442245483,"z":-0.040589943528175357,"w":0.8339058756828308},"size":3.3794021606445314,"orthographic":true}