{"cameraMode":{"drawMode":0,"name":"Shaded","section":"Shading Mode"},"sceneLighting":false,"audioPlay":false,"sceneViewState":{"m_AlwaysRefresh":false,"showFog":true,"showSkybox":false,"showFlares":true,"showImageEffects":true,"showParticleSystems":true,"showVisualEffectGraphs":true,"m_FxEnabled":true},"in2DMode":false,"pivot":{"x":0.34067511558532717,"y":2.7072336673736574,"z":2.531984806060791},"rotation":{"x":0.11723275482654572,"y":-0.5864704251289368,"z":0.08632601052522659,"w":0.7968201041221619},"size":3.70141863822937,"orthographic":true}