{"cameraMode":{"drawMode":0,"name":"Shaded","section":"Shading Mode"},"sceneLighting":false,"audioPlay":false,"sceneViewState":{"m_AlwaysRefresh":false,"showFog":true,"showSkybox":false,"showFlares":true,"showImageEffects":true,"showParticleSystems":true,"showVisualEffectGraphs":true,"m_FxEnabled":true},"in2DMode":false,"pivot":{"x":0.8645757436752319,"y":2.3197216987609865,"z":2.0334911346435549},"rotation":{"x":0.11431673914194107,"y":-0.025319388136267663,"z":0.0029673203825950624,"w":0.9931533932685852},"size":3.70141863822937,"orthographic":true}