{"cameraMode":{"drawMode":0,"name":"Shaded","section":"Shading Mode"},"sceneLighting":false,"audioPlay":false,"sceneViewState":{"m_AlwaysRefresh":false,"showFog":true,"showSkybox":false,"showFlares":true,"showImageEffects":true,"showParticleSystems":true,"showVisualEffectGraphs":true,"m_FxEnabled":true},"in2DMode":false,"pivot":{"x":-0.26796722412109377,"y":2.132059097290039,"z":-1.5909628868103028},"rotation":{"x":0.055148057639598849,"y":0.6080959439277649,"z":-0.042373280972242358,"w":0.790835440158844},"size":3.3794021606445314,"orthographic":true}