{"cameraMode":{"drawMode":0,"name":"Shaded","section":"Shading Mode"},"sceneLighting":false,"audioPlay":false,"sceneViewState":{"m_AlwaysRefresh":false,"showFog":true,"showSkybox":false,"showFlares":true,"showImageEffects":true,"showParticleSystems":true,"showVisualEffectGraphs":true,"m_FxEnabled":true},"in2DMode":false,"pivot":{"x":-0.08700358867645264,"y":3.466958522796631,"z":0.4765481948852539},"rotation":{"x":0.23850739002227784,"y":-0.02330464869737625,"z":0.00572518166154623,"w":0.9708482623100281},"size":18.68327522277832,"orthographic":true}