{"cameraMode":{"drawMode":0,"name":"Shaded","section":"Shading Mode"},"sceneLighting":false,"audioPlay":false,"sceneViewState":{"m_AlwaysRefresh":false,"showFog":true,"showSkybox":false,"showFlares":true,"showImageEffects":true,"showParticleSystems":true,"showVisualEffectGraphs":true,"m_FxEnabled":true},"in2DMode":false,"pivot":{"x":0.04080545902252197,"y":2.239129066467285,"z":-2.0076866149902345},"rotation":{"x":-0.011516839265823365,"y":0.5769037008285523,"z":0.00813691783696413,"w":0.8166952133178711},"size":2.360410451889038,"orthographic":true}