{"cameraMode":{"drawMode":0,"name":"Shaded","section":"Shading Mode"},"sceneLighting":false,"audioPlay":false,"sceneViewState":{"m_AlwaysRefresh":false,"showFog":true,"showSkybox":false,"showFlares":true,"showImageEffects":true,"showParticleSystems":true,"showVisualEffectGraphs":true,"m_FxEnabled":true},"in2DMode":false,"pivot":{"x":0.20553791522979737,"y":0.9033083319664002,"z":-1.4893522262573243},"rotation":{"x":0.15324270725250245,"y":0.42200055718421938,"z":-0.07261241972446442,"w":0.8905999660491943},"size":18.68327522277832,"orthographic":true}