{"cameraMode":{"drawMode":0,"name":"Shaded","section":"Shading Mode"},"sceneLighting":false,"audioPlay":false,"sceneViewState":{"m_AlwaysRefresh":false,"showFog":true,"showSkybox":false,"showFlares":true,"showImageEffects":true,"showParticleSystems":true,"showVisualEffectGraphs":true,"m_FxEnabled":true},"in2DMode":false,"pivot":{"x":-0.2551552653312683,"y":1.3042709827423096,"z":3.643789291381836},"rotation":{"x":-0.1140521764755249,"y":-0.01281778421252966,"z":0.0014699093298986555,"w":-0.9933966398239136},"size":5.335923671722412,"orthographic":false}