{"cameraMode":{"drawMode":0,"name":"Shaded","section":"Shading Mode"},"sceneLighting":true,"audioPlay":false,"sceneViewState":{"m_AlwaysRefresh":false,"showFog":true,"showSkybox":true,"showFlares":true,"showImageEffects":true,"showParticleSystems":true,"showVisualEffectGraphs":true,"m_FxEnabled":true},"in2DMode":false,"pivot":{"x":13.620270729064942,"y":-190.751708984375,"z":194.39736938476563},"rotation":{"x":-0.4237021505832672,"y":-0.05240209400653839,"z":0.024558870121836664,"w":-0.9039601683616638},"size":222.23997497558595,"orthographic":false}