{"cameraMode":{"drawMode":0,"name":"Shaded","section":"Shading Mode"},"sceneLighting":true,"audioPlay":false,"sceneViewState":{"m_AlwaysRefresh":false,"showFog":true,"showSkybox":true,"showFlares":true,"showImageEffects":true,"showParticleSystems":true,"showVisualEffectGraphs":true,"m_FxEnabled":true},"in2DMode":false,"pivot":{"x":4.380779266357422,"y":-22.386699676513673,"z":35.898921966552737},"rotation":{"x":-0.3186420500278473,"y":-0.009387432597577572,"z":0.003151431679725647,"w":-0.9478328227996826},"size":29.27701187133789,"orthographic":false}