{"cameraMode":{"drawMode":0,"name":"Shaded","section":"Shading Mode"},"sceneLighting":true,"audioPlay":false,"sceneViewState":{"m_AlwaysRefresh":false,"showFog":true,"showSkybox":true,"showFlares":true,"showImageEffects":true,"showParticleSystems":true,"showVisualEffectGraphs":true,"m_FxEnabled":true},"in2DMode":false,"pivot":{"x":-23.038793563842775,"y":23.78738021850586,"z":-19.137126922607423},"rotation":{"x":-0.23801039159297944,"y":-0.0038044899702072145,"z":0.0008749546832405031,"w":-0.9712887406349182},"size":7.6935133934021,"orthographic":false}