{"cameraMode":{"drawMode":0,"name":"Shaded","section":"Shading Mode"},"sceneLighting":true,"audioPlay":false,"sceneViewState":{"m_AlwaysRefresh":false,"showFog":true,"showSkybox":true,"showFlares":true,"showImageEffects":true,"showParticleSystems":true,"showVisualEffectGraphs":true,"m_FxEnabled":true},"in2DMode":false,"pivot":{"x":246.6292724609375,"y":183.6920166015625,"z":122.07064819335938},"rotation":{"x":-0.21450206637382508,"y":-0.03458439186215401,"z":0.007542083505541086,"w":-0.9761157631874085},"size":458.6689147949219,"orthographic":false}