{"cameraMode":{"drawMode":0,"name":"Shaded","section":"Shading Mode"},"sceneLighting":false,"audioPlay":false,"sceneViewState":{"m_AlwaysRefresh":false,"showFog":true,"showSkybox":false,"showFlares":true,"showImageEffects":true,"showParticleSystems":true,"showVisualEffectGraphs":true,"m_FxEnabled":true},"in2DMode":false,"pivot":{"x":-12.215240478515625,"y":2.0852015018463136,"z":1.0626366138458253},"rotation":{"x":-0.06323253363370896,"y":0.43956246972084048,"z":-0.031052442267537118,"w":-0.8955070972442627},"size":3.397587299346924,"orthographic":true}