{"cameraMode":{"drawMode":0,"name":"Shaded","section":"Shading Mode"},"sceneLighting":false,"audioPlay":false,"sceneViewState":{"m_AlwaysRefresh":false,"showFog":true,"showSkybox":false,"showFlares":true,"showImageEffects":true,"showParticleSystems":true,"showVisualEffectGraphs":true,"m_FxEnabled":true},"in2DMode":false,"pivot":{"x":-13.387100219726563,"y":5.317531585693359,"z":1.0159504413604737},"rotation":{"x":-0.11099256575107575,"y":0.21760201454162599,"z":-0.024939177557826043,"w":-0.9694428443908691},"size":5.761904239654541,"orthographic":true}