{"cameraMode":{"drawMode":0,"name":"Shaded","section":"Shading Mode"},"sceneLighting":false,"audioPlay":false,"sceneViewState":{"m_AlwaysRefresh":false,"showFog":true,"showSkybox":false,"showFlares":true,"showImageEffects":true,"showParticleSystems":true,"showVisualEffectGraphs":true,"m_FxEnabled":true},"in2DMode":false,"pivot":{"x":-8.047191619873047,"y":5.556649684906006,"z":3.985262870788574},"rotation":{"x":0.15365348756313325,"y":-0.34860095381736758,"z":0.058050476014614108,"w":0.9227724075317383},"size":12.027519226074219,"orthographic":true}