{"cameraMode":{"drawMode":0,"name":"Shaded","section":"Shading Mode"},"sceneLighting":false,"audioPlay":false,"sceneViewState":{"m_AlwaysRefresh":false,"showFog":true,"showSkybox":false,"showFlares":true,"showImageEffects":true,"showParticleSystems":true,"showVisualEffectGraphs":true,"m_FxEnabled":true},"in2DMode":false,"pivot":{"x":-0.20644593238830567,"y":3.310617446899414,"z":-0.4486088752746582},"rotation":{"x":-0.05846800282597542,"y":0.007786930073052645,"z":-0.0005259010940790176,"w":-0.998316764831543},"size":3.0525097846984865,"orthographic":true}