{"cameraMode":{"drawMode":0,"name":"Shaded","section":"Shading Mode"},"sceneLighting":false,"audioPlay":false,"sceneViewState":{"m_AlwaysRefresh":false,"showFog":true,"showSkybox":false,"showFlares":true,"showImageEffects":true,"showParticleSystems":true,"showVisualEffectGraphs":true,"m_FxEnabled":true},"in2DMode":false,"pivot":{"x":0.14248812198638917,"y":1.8236408233642579,"z":-2.281081199645996},"rotation":{"x":0.12098483741283417,"y":0.2517149746417999,"z":-0.03171804919838905,"w":0.9597103595733643},"size":5.7732062339782719,"orthographic":true}