{"cameraMode":{"drawMode":0,"name":"Shaded","section":"Shading Mode"},"sceneLighting":false,"audioPlay":false,"sceneViewState":{"m_AlwaysRefresh":false,"showFog":true,"showSkybox":false,"showFlares":true,"showImageEffects":true,"showParticleSystems":true,"showVisualEffectGraphs":true,"m_FxEnabled":true},"in2DMode":false,"pivot":{"x":1.0581341981887818,"y":1.0085887908935547,"z":-2.029892921447754},"rotation":{"x":0.11737894266843796,"y":0.16895797848701478,"z":-0.020266162231564523,"w":0.9784063100814819},"size":4.433220386505127,"orthographic":true}