{"cameraMode":{"drawMode":0,"name":"Shaded","section":"Shading Mode"},"sceneLighting":false,"audioPlay":false,"sceneViewState":{"m_AlwaysRefresh":false,"showFog":true,"showSkybox":false,"showFlares":true,"showImageEffects":true,"showParticleSystems":true,"showVisualEffectGraphs":true,"m_FxEnabled":true},"in2DMode":false,"pivot":{"x":1.548868179321289,"y":3.027750015258789,"z":-7.002989768981934},"rotation":{"x":0.030308110639452935,"y":0.1936749964952469,"z":-0.0059854378923773769,"w":0.9805827736854553},"size":4.673665523529053,"orthographic":true}